model,accuracy,precision,recall,f1_score
Logistic Regression,0.9,1.0,0.625,0.7692307692307693
Decision Tree,0.9333333333333333,1.0,0.75,0.8571428571428571
Random Forest,0.9333333333333333,1.0,0.75,0.8571428571428571
